Mois;Apports [m3/s]
1;0.578703704
2;0.446428571
3;0.616039427
4;1.319444444
5;14.10170251
6;45.54783951
7;60.74522103
8;56.29853644
9;26.90972222
10;7.672491039
11;1.00308642
12;0.574970131
